datetime,inflow_cfs,outflow_cfs
2015-10-01,191.0,244.0
2015-10-02,2.0,257.0
2015-10-03,324.0,254.0
2015-10-04,0.0,228.0
2015-10-05,242.0,236.0
2015-10-06,0.0,260.0
2015-10-07,26.0,252.0
2015-10-08,19.0,245.0
2015-10-09,2.0,228.0
2015-10-10,40.0,247.0
2015-10-11,0.0,277.0
2015-10-12,128.0,276.0
2015-10-13,0.0,244.0
2015-10-14,91.0,235.0
2015-10-15,23.0,71.0
2015-10-16,51.0,45.0
2015-10-17,0.0,45.0
2015-10-18,314.0,45.0
2015-10-19,0.0,45.0
2015-10-20,15.0,45.0
2015-10-21,68.0,53.0
2015-10-22,0.0,65.0
2015-10-23,43.0,65.0
2015-10-24,0.0,65.0
2015-10-25,0.0,71.0
2015-10-26,68.0,85.0
2015-10-27,59.0,90.0
2015-10-28,0.0,90.0
2015-10-29,40.0,90.0
2015-10-30,0.0,90.0
2015-10-31,0.0,90.0
2015-11-01,438.0,90.0
2015-11-02,394.0,90.0
2015-11-03,0.0,90.0
2015-11-04,117.0,90.0
2015-11-05,0.0,97.0
2015-11-06,0.0,100.0
2015-11-07,0.0,100.0
2015-11-08,123.0,82.0
2015-11-09,11.0,69.0
2015-11-10,0.0,70.0
2015-11-11,0.0,84.0
2015-11-12,113.0,90.0
2015-11-13,0.0,90.0
2015-11-14,0.0,90.0
2015-11-15,59.0,108.0
2015-11-16,0.0,131.0
2015-11-17,41.0,135.0
2015-11-18,325.0,135.0
2015-11-19,86.0,135.0
2015-11-20,0.0,112.0
2015-11-21,0.0,100.0
2015-11-22,0.0,106.0
2015-11-23,0.0,117.0
2015-11-24,66.0,120.0
2015-11-25,0.0,120.0
2015-11-26,206.0,120.0
2015-11-27,0.0,120.0
2015-11-28,80.0,120.0
2015-11-29,0.0,120.0
2015-11-30,52.0,110.0
2015-12-01,0.0,118.0
2015-12-02,221.0,125.0
2015-12-03,72.0,125.0
2015-12-04,278.0,125.0
2015-12-05,0.0,116.0
2015-12-06,38.0,110.0
2015-12-07,0.0,116.0
2015-12-08,0.0,120.0
2015-12-09,48.0,120.0
2015-12-10,989.0,120.0
2015-12-11,0.0,127.0
2015-12-12,0.0,130.0
2015-12-13,1282.0,124.0
2015-12-14,350.0,120.0
2015-12-15,144.0,120.0
2015-12-16,95.0,120.0
2015-12-17,0.0,120.0
2015-12-18,567.0,120.0
2015-12-19,0.0,120.0
2015-12-20,68.0,127.0
2015-12-21,1645.0,124.0
2015-12-22,983.0,115.0
2015-12-23,685.0,117.0
2015-12-24,74.0,123.0
2015-12-25,346.0,120.0
2015-12-26,0.0,120.0
2015-12-27,0.0,120.0
2015-12-28,635.0,120.0
2015-12-29,0.0,120.0
2015-12-30,0.0,120.0
2015-12-31,191.0,113.0
2016-01-01,0.0,110.0
2016-01-02,0.0,110.0
2016-01-03,204.0,110.0
2016-01-04,0.0,100.0
2016-01-05,1701.0,90.0
2016-01-06,2992.0,94.0
2016-01-07,1710.0,107.0
2016-01-08,362.0,117.0
2016-01-09,491.0,127.0
2016-01-10,426.0,130.0
2016-01-11,419.0,123.0
2016-01-12,112.0,107.0
2016-01-13,1568.0,95.0
2016-01-14,424.0,111.0
2016-01-15,1585.0,120.0
2016-01-16,1134.0,106.0
2016-01-17,2894.0,100.0
2016-01-18,5399.0,95.0
2016-01-19,5039.0,69.0
2016-01-20,2614.0,61.0
2016-01-21,1175.0,106.0
2016-01-22,1170.0,115.0
2016-01-23,2423.0,109.0
2016-01-24,1152.0,100.0
2016-01-25,962.0,106.0
2016-01-26,490.0,110.0
2016-01-27,720.0,110.0
2016-01-28,502.0,110.0
2016-01-29,791.0,110.0
2016-01-30,560.0,110.0
2016-01-31,652.0,116.0
2016-02-01,97.0,120.0
2016-02-02,243.0,120.0
2016-02-03,130.0,120.0
2016-02-04,506.0,120.0
2016-02-05,214.0,120.0
2016-02-06,289.0,120.0
2016-02-07,0.0,120.0
2016-02-08,477.0,120.0
2016-02-09,163.0,120.0
2016-02-10,362.0,113.0
2016-02-11,59.0,110.0
2016-02-12,204.0,110.0
2016-02-13,129.0,110.0
2016-02-14,214.0,110.0
2016-02-15,229.0,110.0
2016-02-16,266.0,110.0
2016-02-17,1055.0,110.0
2016-02-18,0.0,110.0
2016-02-19,350.0,120.0
2016-02-20,732.0,125.0
2016-02-21,445.0,125.0
2016-02-22,300.0,125.0
2016-02-23,238.0,125.0
2016-02-24,229.0,125.0
2016-02-25,156.0,118.0
2016-02-26,148.0,115.0
2016-02-27,234.0,115.0
2016-02-28,226.0,122.0
2016-02-29,10.0,132.0
2016-03-01,187.0,135.0
2016-03-02,197.0,135.0
2016-03-03,328.0,125.0
2016-03-04,61.0,115.0
2016-03-05,4628.0,98.0
2016-03-06,8424.0,64.0
2016-03-07,5866.0,50.0
2016-03-08,1877.0,64.0
2016-03-09,1012.0,78.0
2016-03-10,6436.0,104.0
2016-03-11,10193.0,89.0
2016-03-12,6818.0,80.0
2016-03-13,8022.0,66.0
2016-03-14,5480.0,50.0
2016-03-15,2615.0,50.0
2016-03-16,1691.0,50.0
2016-03-17,1551.0,50.0
2016-03-18,1236.0,64.0
2016-03-19,780.0,70.0
2016-03-20,940.0,70.0
2016-03-21,2161.0,70.0
2016-03-22,76.0,76.0
2016-03-23,2768.0,85.0
2016-03-24,635.0,93.0
2016-03-25,1054.0,110.0
2016-03-26,669.0,115.0
2016-03-27,755.0,115.0
2016-03-28,283.0,115.0
2016-03-29,487.0,163.0
2016-03-30,442.0,193.0
2016-03-31,497.0,179.0
2016-04-01,403.0,163.0
2016-04-02,315.0,160.0
2016-04-03,395.0,160.0
2016-04-04,485.0,160.0
2016-04-05,239.0,160.0
2016-04-06,369.0,184.0
2016-04-07,263.0,200.0
2016-04-08,356.0,207.0
2016-04-09,348.0,210.0
2016-04-10,307.0,210.0
2016-04-11,214.0,214.0
2016-04-12,331.0,224.0
2016-04-13,0.0,234.0
2016-04-14,514.0,258.0
2016-04-15,2.0,298.0
2016-04-16,331.0,317.0
2016-04-17,259.0,341.0
2016-04-18,181.0,359.0
2016-04-19,206.0,373.0
2016-04-20,131.0,385.0
2016-04-21,378.0,391.0
2016-04-22,126.0,394.0
2016-04-23,265.0,379.0
2016-04-24,267.0,376.0
2016-04-25,21.0,409.0
2016-04-26,157.0,443.0
2016-04-27,1195.0,474.0
2016-04-28,0.0,479.0
2016-04-29,404.0,460.0
2016-04-30,393.0,427.0
2016-05-01,0.0,415.0
2016-05-02,220.0,423.0
2016-05-03,215.0,446.0
2016-05-04,200.0,448.0
2016-05-05,124.0,451.0
2016-05-06,65.0,438.0
2016-05-07,264.0,402.0
2016-05-08,140.0,374.0
2016-05-09,0.0,360.0
2016-05-10,436.0,369.0
2016-05-11,183.0,385.0
2016-05-12,77.0,376.0
2016-05-13,196.0,404.0
2016-05-14,0.0,420.0
2016-05-15,36.0,420.0
2016-05-16,105.0,426.0
2016-05-17,36.0,483.0
2016-05-18,276.0,513.0
2016-05-19,0.0,496.0
2016-05-20,0.0,470.0
2016-05-21,79.0,462.0
2016-05-22,100.0,437.0
2016-05-23,57.0,450.0
2016-05-24,0.0,465.0
2016-05-25,235.0,465.0
2016-05-26,0.0,449.0
2016-05-27,75.0,457.0
2016-05-28,19.0,481.0
2016-05-29,157.0,437.0
2016-05-30,86.0,434.0
2016-05-31,79.0,496.0
2016-06-01,88.0,589.0
2016-06-02,125.0,625.0
2016-06-03,98.0,614.0
2016-06-04,25.0,599.0
2016-06-05,134.0,621.0
2016-06-06,0.0,621.0
2016-06-07,199.0,609.0
2016-06-08,0.0,591.0
2016-06-09,29.0,558.0
2016-06-10,0.0,515.0
2016-06-11,0.0,494.0
2016-06-12,94.0,475.0
2016-06-13,103.0,527.0
2016-06-14,0.0,596.0
2016-06-15,0.0,610.0
2016-06-16,69.0,616.0
2016-06-17,323.0,592.0
2016-06-18,0.0,557.0
2016-06-19,93.0,531.0
2016-06-20,0.0,528.0
2016-06-21,0.0,539.0
2016-06-22,312.0,551.0
2016-06-23,272.0,579.0
2016-06-24,902.0,597.0
2016-06-25,0.0,567.0
2016-06-26,0.0,547.0
2016-06-27,29.0,581.0
2016-06-28,37.0,583.0
2016-06-29,139.0,607.0
2016-06-30,7.0,646.0
2016-07-01,187.0,676.0
2016-07-02,0.0,663.0
2016-07-03,0.0,602.0
2016-07-04,0.0,551.0
2016-07-05,5.0,585.0
2016-07-06,0.0,594.0
2016-07-07,0.0,578.0
2016-07-08,0.0,579.0
2016-07-09,0.0,575.0
2016-07-10,0.0,550.0
2016-07-11,87.0,533.0
2016-07-12,0.0,527.0
2016-07-13,58.0,562.0
2016-07-14,85.0,570.0
2016-07-15,0.0,605.0
2016-07-16,48.0,605.0
2016-07-17,0.0,566.0
2016-07-18,10.0,585.0
2016-07-19,0.0,579.0
2016-07-20,64.0,562.0
2016-07-21,0.0,556.0
2016-07-22,165.0,570.0
2016-07-23,0.0,586.0
2016-07-24,27.0,586.0
2016-07-25,52.0,587.0
2016-07-26,146.0,618.0
2016-07-27,41.0,585.0
2016-07-28,67.0,534.0
2016-07-29,0.0,506.0
2016-07-30,0.0,521.0
2016-07-31,28.0,479.0
2016-08-01,14.0,500.0
2016-08-02,41.0,532.0
2016-08-03,35.0,531.0
2016-08-04,0.0,504.0
2016-08-05,0.0,508.0
2016-08-06,0.0,484.0
2016-08-07,105.0,437.0
2016-08-08,24.0,446.0
2016-08-09,0.0,485.0
2016-08-10,0.0,484.0
2016-08-11,66.0,478.0
2016-08-12,0.0,526.0
2016-08-13,4.0,540.0
2016-08-14,106.0,503.0
2016-08-15,120.0,508.0
2016-08-16,0.0,515.0
2016-08-17,45.0,521.0
2016-08-18,0.0,519.0
2016-08-19,99.0,499.0
2016-08-20,0.0,481.0
2016-08-21,55.0,469.0
2016-08-22,0.0,493.0
2016-08-23,0.0,479.0
2016-08-24,92.0,443.0
2016-08-25,6.0,432.0
2016-08-26,0.0,440.0
2016-08-27,10.0,441.0
2016-08-28,0.0,407.0
2016-08-29,48.0,412.0
2016-08-30,17.0,386.0
2016-08-31,0.0,372.0
2016-09-01,103.0,372.0
2016-09-02,3.0,361.0
2016-09-03,14.0,376.0
2016-09-04,25.0,374.0
2016-09-05,0.0,377.0
2016-09-06,28.0,386.0
2016-09-07,0.0,404.0
2016-09-08,54.0,402.0
2016-09-09,0.0,387.0
2016-09-10,0.0,369.0
2016-09-11,67.0,340.0
2016-09-12,0.0,349.0
2016-09-13,0.0,366.0
2016-09-14,0.0,370.0
2016-09-15,0.0,370.0
2016-09-16,5.0,370.0
2016-09-17,0.0,335.0
2016-09-18,122.0,324.0
2016-09-19,21.0,372.0
2016-09-20,94.0,352.0
2016-09-21,0.0,346.0
2016-09-22,41.0,382.0
2016-09-23,0.0,386.0
2016-09-24,9.0,387.0
2016-09-25,0.0,334.0
2016-09-26,139.0,307.0
2016-09-27,58.0,324.0
2016-09-28,55.0,330.0
2016-09-29,0.0,316.0
2016-09-30,0.0,296.0
2016-10-01,54.0,260.0
2016-10-02,0.0,255.0
2016-10-03,0.0,269.0
2016-10-04,0.0,271.0
2016-10-05,0.0,258.0
2016-10-06,7083.0,260.0
2016-10-07,15.0,253.0
2016-10-08,11.0,245.0
2016-10-09,0.0,235.0
2016-10-10,0.0,271.0
2016-10-11,0.0,295.0
2016-10-12,0.0,264.0
2016-10-13,152.0,179.0
2016-10-14,50.0,91.0
2016-10-15,358.0,49.0
2016-10-16,0.0,45.0
2016-10-17,423.0,45.0
2016-10-18,0.0,45.0
2016-10-19,18.0,45.0
2016-10-20,23.0,45.0
2016-10-21,23.0,45.0
2016-10-22,0.0,45.0
2016-10-23,18.0,45.0
2016-10-24,189.0,49.0
2016-10-25,800.0,57.0
2016-10-26,369.0,60.0
2016-10-27,153.0,60.0
2016-10-28,870.0,53.0
2016-10-29,747.0,50.0
2016-10-30,840.0,53.0
2016-10-31,960.0,63.0
2016-11-01,754.0,74.0
2016-11-02,534.0,80.0
2016-11-03,196.0,80.0
2016-11-04,261.0,80.0
2016-11-05,189.0,87.0
2016-11-06,39.0,90.0
2016-11-07,119.0,86.0
2016-11-08,92.0,69.0
2016-11-09,155.0,53.0
2016-11-10,0.0,50.0
2016-11-11,149.0,47.0
2016-11-12,0.0,45.0
2016-11-13,233.0,52.0
2016-11-14,196.0,80.0
2016-11-15,0.0,154.0
2016-11-16,45.0,170.0
2016-11-17,0.0,155.0
2016-11-18,45.0,165.0
2016-11-19,758.0,151.0
2016-11-20,1188.0,145.0
2016-11-21,367.0,145.0
2016-11-22,600.0,145.0
2016-11-23,0.0,106.0
2016-11-24,317.0,80.0
2016-11-25,11.0,80.0
2016-11-26,391.0,80.0
2016-11-27,0.0,80.0
2016-11-28,758.0,80.0
2016-11-29,94.0,80.0
2016-11-30,122.0,80.0
2016-12-01,173.0,80.0
2016-12-02,0.0,80.0
2016-12-03,287.0,80.0
2016-12-04,159.0,80.0
2016-12-05,11.0,80.0
2016-12-06,29.0,80.0
2016-12-07,401.0,80.0
2016-12-08,234.0,80.0
2016-12-09,308.0,80.0
2016-12-10,2840.0,80.0
2016-12-11,1297.0,80.0
2016-12-12,533.0,80.0
2016-12-13,394.0,80.0
2016-12-14,538.0,80.0
2016-12-15,12032.0,69.0
2016-12-16,6120.0,50.0
2016-12-17,1711.0,76.0
2016-12-18,872.0,95.0
2016-12-19,661.0,97.0
2016-12-20,568.0,100.0
2016-12-21,504.0,107.0
2016-12-22,588.0,105.0
2016-12-23,626.0,86.0
2016-12-24,709.0,87.0
2016-12-25,562.0,93.0
2016-12-26,0.0,95.0
2016-12-27,658.0,102.0
2016-12-28,273.0,105.0
2016-12-29,340.0,105.0
2016-12-30,185.0,98.0
2016-12-31,110.0,95.0
2017-01-01,566.0,95.0
2017-01-02,0.0,95.0
2017-01-03,1397.0,77.0
2017-01-04,9217.0,51.0
2017-01-05,1998.0,63.0
2017-01-06,1085.0,77.0
2017-01-07,5269.0,55.0
2017-01-08,40050.0,45.0
2017-01-09,12510.0,45.0
2017-01-10,29898.0,45.0
2017-01-11,14608.0,45.0
2017-01-12,6128.0,45.0
2017-01-13,3267.0,45.0
2017-01-14,2425.0,45.0
2017-01-15,1593.0,45.0
2017-01-16,1595.0,45.0
2017-01-17,1413.0,45.0
2017-01-18,6290.0,45.0
2017-01-19,9926.0,45.0
2017-01-20,13827.0,45.0
2017-01-21,6865.0,45.0
2017-01-22,13870.0,45.0
2017-01-23,5367.0,45.0
2017-01-24,3522.0,45.0
2017-01-25,2465.0,45.0
2017-01-26,2029.0,45.0
2017-01-27,1858.0,45.0
2017-01-28,1336.0,45.0
2017-01-29,1144.0,45.0
2017-01-30,1145.0,45.0
2017-01-31,1409.0,45.0
2017-02-01,593.0,45.0
2017-02-02,2657.0,45.0
2017-02-03,7055.0,45.0
2017-02-04,5183.0,45.0
2017-02-05,3935.0,45.0
2017-02-06,7749.0,45.0
2017-02-07,31287.0,45.0
2017-02-08,11121.0,45.0
2017-02-09,17487.0,45.0
2017-02-10,9489.0,350.0
2017-02-11,4700.0,700.0
2017-02-12,3417.0,700.0
2017-02-13,2745.0,700.0
2017-02-14,2154.0,700.0
2017-02-15,1964.0,700.0
2017-02-16,3665.0,700.0
2017-02-17,8847.0,832.0
2017-02-18,10507.0,2369.0
2017-02-19,4280.0,3218.0
2017-02-20,16060.0,4120.0
2017-02-21,12620.0,6605.0
2017-02-22,5584.0,6843.0
2017-02-23,3792.0,6373.0
2017-02-24,3266.0,5747.0
2017-02-25,2495.0,5160.0
2017-02-26,2072.0,4631.0
2017-02-27,1900.0,4155.0
2017-02-28,1685.0,3763.0
2017-03-01,1457.0,3428.0
2017-03-02,1518.0,3103.0
2017-03-03,1074.0,2657.0
2017-03-04,1639.0,2264.0
2017-03-05,905.0,1952.0
2017-03-06,1613.0,1702.0
2017-03-07,1570.0,1633.0
2017-03-08,624.0,1574.0
2017-03-09,1072.0,1517.0
2017-03-10,986.0,1418.0
2017-03-11,1042.0,1386.0
2017-03-12,808.0,1323.0
2017-03-13,772.0,1273.0
2017-03-14,802.0,1214.0
2017-03-15,577.0,1167.0
2017-03-16,682.0,1113.0
2017-03-17,810.0,1037.0
2017-03-18,280.0,979.0
2017-03-19,857.0,906.0
2017-03-20,551.0,874.0
2017-03-21,1867.0,913.0
2017-03-22,1816.0,987.0
2017-03-23,886.0,1005.0
2017-03-24,2394.0,1093.0
2017-03-25,2050.0,1273.0
2017-03-26,1517.0,1293.0
2017-03-27,1007.0,1273.0
2017-03-28,715.0,1243.0
2017-03-29,654.0,1205.0
2017-03-30,920.0,1134.0
2017-03-31,620.0,1055.0
2017-04-01,649.0,995.0
2017-04-02,699.0,963.0
2017-04-03,579.0,931.0
2017-04-04,516.0,887.0
2017-04-05,457.0,859.0
2017-04-06,1785.0,845.0
2017-04-07,2905.0,996.0
2017-04-08,2524.0,1186.0
2017-04-09,1172.0,1243.0
2017-04-10,975.0,1224.0
2017-04-11,1293.0,1224.0
2017-04-12,209.0,1158.0
2017-04-13,2589.0,1214.0
2017-04-14,1099.0,1234.0
2017-04-15,1008.0,1214.0
2017-04-16,962.0,1186.0
2017-04-17,776.0,1158.0
2017-04-18,959.0,1131.0
2017-04-19,945.0,1105.0
2017-04-20,838.0,1087.0
2017-04-21,736.0,1062.0
2017-04-22,734.0,1029.0
2017-04-23,690.0,997.0
2017-04-24,478.0,951.0
2017-04-25,466.0,868.0
2017-04-26,603.0,808.0
2017-04-27,640.0,775.0
2017-04-28,272.0,744.0
2017-04-29,440.0,684.0
2017-04-30,523.0,583.0
2017-05-01,252.0,533.0
2017-05-02,515.0,490.0
2017-05-03,338.0,429.0
2017-05-04,312.0,409.0
2017-05-05,186.0,365.0
2017-05-06,163.0,334.0
2017-05-07,217.0,321.0
2017-05-08,11.0,278.0
2017-05-09,464.0,269.0
2017-05-10,203.0,294.0
2017-05-11,158.0,329.0
2017-05-12,243.0,354.0
2017-05-13,0.0,360.0
2017-05-14,175.0,387.0
2017-05-15,156.0,421.0
2017-05-16,163.0,430.0
2017-05-17,213.0,451.0
2017-05-18,2.0,452.0
2017-05-19,262.0,440.0
2017-05-20,167.0,440.0
2017-05-21,259.0,431.0
2017-05-22,175.0,422.0
2017-05-23,113.0,435.0
2017-05-24,500.0,435.0
2017-05-25,0.0,442.0
2017-05-26,0.0,432.0
2017-05-27,63.0,457.0
2017-05-28,293.0,477.0
2017-05-29,0.0,480.0
2017-05-30,94.0,448.0
2017-05-31,169.0,422.0
2017-06-01,52.0,426.0
2017-06-02,71.0,428.0
2017-06-03,190.0,446.0
2017-06-04,64.0,432.0
2017-06-05,106.0,419.0
2017-06-06,102.0,446.0
2017-06-07,0.0,473.0
2017-06-08,0.0,480.0
2017-06-09,291.0,462.0
2017-06-10,0.0,466.0
2017-06-11,169.0,436.0
2017-06-12,74.0,409.0
2017-06-13,0.0,384.0
2017-06-14,72.0,358.0
2017-06-15,304.0,364.0
2017-06-16,0.0,356.0
2017-06-17,236.0,378.0
2017-06-18,0.0,398.0
2017-06-19,257.0,432.0
2017-06-20,64.0,458.0
2017-06-21,230.0,499.0
2017-06-22,0.0,495.0
2017-06-23,162.0,507.0
2017-06-24,126.0,514.0
2017-06-25,0.0,509.0
2017-06-26,0.0,533.0
2017-06-27,0.0,523.0
2017-06-28,2.0,525.0
2017-06-29,22.0,545.0
2017-06-30,0.0,500.0
2017-07-01,0.0,508.0
2017-07-02,0.0,513.0
2017-07-03,11.0,510.0
2017-07-04,0.0,485.0
2017-07-05,0.0,481.0
2017-07-06,0.0,521.0
2017-07-07,29.0,545.0
2017-07-08,41.0,528.0
2017-07-09,0.0,500.0
2017-07-10,7.0,494.0
2017-07-11,68.0,565.0
2017-07-12,0.0,594.0
2017-07-13,0.0,580.0
2017-07-14,31.0,545.0
2017-07-15,0.0,520.0
2017-07-16,0.0,496.0
2017-07-17,0.0,485.0
2017-07-18,122.0,478.0
2017-07-19,0.0,486.0
2017-07-20,0.0,474.0
2017-07-21,0.0,467.0
2017-07-22,0.0,466.0
2017-07-23,56.0,457.0
2017-07-24,0.0,482.0
2017-07-25,0.0,510.0
2017-07-26,0.0,492.0
2017-07-27,88.0,499.0
2017-07-28,0.0,478.0
2017-07-29,0.0,488.0
2017-07-30,0.0,477.0
2017-07-31,0.0,463.0
2017-08-01,0.0,468.0
2017-08-02,1.0,483.0
2017-08-03,0.0,469.0
2017-08-04,0.0,447.0
2017-08-05,0.0,446.0
2017-08-06,0.0,403.0
2017-08-07,0.0,401.0
2017-08-08,0.0,392.0
2017-08-09,5.0,417.0
2017-08-10,0.0,409.0
2017-08-11,0.0,425.0
2017-08-12,185.0,435.0
2017-08-13,0.0,421.0
2017-08-14,0.0,407.0
2017-08-15,0.0,395.0
2017-08-16,0.0,441.0
2017-08-17,0.0,437.0
2017-08-18,69.0,411.0
2017-08-19,0.0,412.0
2017-08-20,0.0,397.0
2017-08-21,0.0,423.0
2017-08-22,136.0,414.0
2017-08-23,72.0,418.0
2017-08-24,0.0,399.0
2017-08-25,0.0,379.0
2017-08-26,130.0,385.0
2017-08-27,0.0,371.0
2017-08-28,154.0,376.0
2017-08-29,0.0,402.0
2017-08-30,31.0,418.0
2017-08-31,0.0,407.0
2017-09-01,0.0,409.0
2017-09-02,70.0,426.0
2017-09-03,95.0,389.0
2017-09-04,254.0,393.0
2017-09-05,0.0,389.0
2017-09-06,206.0,373.0
2017-09-07,0.0,360.0
2017-09-08,250.0,349.0
2017-09-09,0.0,320.0
2017-09-10,0.0,310.0
2017-09-11,0.0,324.0
2017-09-12,259.0,330.0
2017-09-13,0.0,344.0
2017-09-14,0.0,339.0
2017-09-15,0.0,320.0
2017-09-16,50.0,331.0
2017-09-17,48.0,335.0
2017-09-18,0.0,335.0
2017-09-19,251.0,349.0
2017-09-20,0.0,344.0
2017-09-21,0.0,320.0
2017-09-22,9.0,312.0
2017-09-23,0.0,315.0
2017-09-24,0.0,315.0
2017-09-25,61.0,336.0
2017-09-26,0.0,338.0
2017-09-27,77.0,339.0
2017-09-28,77.0,352.0
2017-09-29,76.0,345.0
2017-09-30,0.0,313.0
2017-10-01,111.0,261.0
2017-10-02,0.0,223.0
2017-10-03,7.0,254.0
2017-10-04,0.0,249.0
2017-10-05,32.0,240.0
2017-10-06,31.0,234.0
2017-10-07,0.0,225.0
2017-10-08,0.0,225.0
2017-10-09,0.0,225.0
2017-10-10,209.0,280.0
2017-10-11,0.0,339.0
2017-10-12,0.0,361.0
2017-10-13,52.0,339.0
2017-10-14,0.0,309.0
2017-10-15,209.0,268.0
2017-10-16,0.0,255.0
2017-10-17,90.0,287.0
2017-10-18,0.0,279.0
2017-10-19,148.0,254.0
2017-10-20,0.0,226.0
2017-10-21,55.0,213.0
2017-10-22,0.0,210.0
2017-10-23,84.0,213.0
2017-10-24,176.0,203.0
2017-10-25,0.0,213.0
2017-10-26,14.0,239.0
2017-10-27,28.0,231.0
2017-10-28,0.0,152.0
2017-10-29,26.0,58.0
2017-10-30,0.0,45.0
2017-10-31,109.0,45.0
2017-11-01,0.0,45.0
2017-11-02,0.0,66.0
2017-11-03,0.0,135.0
2017-11-04,258.0,134.0
2017-11-05,18.0,125.0
2017-11-06,0.0,132.0
2017-11-07,0.0,122.0
2017-11-08,423.0,111.0
2017-11-09,0.0,110.0
2017-11-10,271.0,84.0
2017-11-11,86.0,80.0
2017-11-12,0.0,80.0
2017-11-13,0.0,75.0
2017-11-14,0.0,70.0
2017-11-15,918.0,70.0
2017-11-16,619.0,70.0
2017-11-17,0.0,70.0
2017-11-18,94.0,77.0
2017-11-19,19.0,80.0
2017-11-20,6.0,80.0
2017-11-21,261.0,80.0
2017-11-22,307.0,80.0
2017-11-23,0.0,80.0
2017-11-24,0.0,80.0
2017-11-25,261.0,69.0
2017-11-26,82.0,65.0
2017-11-27,517.0,65.0
2017-11-28,353.0,70.0
2017-11-29,0.0,75.0
2017-11-30,104.0,75.0
2017-12-01,99.0,75.0
2017-12-02,2.0,75.0
2017-12-03,172.0,75.0
2017-12-04,0.0,75.0
2017-12-05,61.0,75.0
2017-12-06,0.0,75.0
2017-12-07,0.0,75.0
2017-12-08,0.0,75.0
2017-12-09,184.0,75.0
2017-12-10,0.0,75.0
2017-12-11,0.0,75.0
2017-12-12,262.0,75.0
2017-12-13,0.0,82.0
2017-12-14,13.0,85.0
2017-12-15,205.0,85.0
2017-12-16,97.0,85.0
2017-12-17,0.0,85.0
2017-12-18,66.0,85.0
2017-12-19,24.0,85.0
2017-12-20,96.0,78.0
2017-12-21,0.0,75.0
2017-12-22,0.0,75.0
2017-12-23,0.0,75.0
2017-12-24,364.0,75.0
2017-12-25,0.0,75.0
2017-12-26,9.0,75.0
2017-12-27,176.0,68.0
2017-12-28,0.0,65.0
2017-12-29,70.0,58.0
2017-12-30,0.0,52.0
2017-12-31,62.0,50.0
2018-01-01,63.0,50.0
2018-01-02,87.0,54.0
2018-01-03,68.0,55.0
2018-01-04,62.0,55.0
2018-01-05,242.0,55.0
2018-01-06,160.0,62.0
2018-01-07,0.0,63.0
2018-01-08,2490.0,49.0
2018-01-09,2760.0,45.0
2018-01-10,686.0,45.0
2018-01-11,339.0,60.0
2018-01-12,214.0,103.0
2018-01-13,110.0,90.0
2018-01-14,36.0,100.0
2018-01-15,363.0,84.0
2018-01-16,0.0,70.0
2018-01-17,168.0,70.0
2018-01-18,373.0,81.0
2018-01-19,10.0,100.0
2018-01-20,202.0,79.0
2018-01-21,0.0,70.0
2018-01-22,1255.0,70.0
2018-01-23,635.0,91.0
2018-01-24,723.0,81.0
2018-01-25,543.0,70.0
2018-01-26,349.0,70.0
2018-01-27,292.0,91.0
2018-01-28,198.0,100.0
2018-01-29,483.0,100.0
2018-01-30,385.0,100.0
2018-01-31,0.0,79.0
2018-02-01,184.0,70.0
2018-02-02,120.0,91.0
2018-02-03,0.0,120.0
2018-02-04,447.0,89.0
2018-02-05,42.0,70.0
2018-02-06,0.0,70.0
2018-02-07,253.0,70.0
2018-02-08,122.0,70.0
2018-02-09,207.0,70.0
2018-02-10,195.0,70.0
2018-02-11,0.0,70.0
2018-02-12,19.0,70.0
2018-02-13,0.0,70.0
2018-02-14,35.0,63.0
2018-02-15,87.0,53.0
2018-02-16,125.0,50.0
2018-02-17,11.0,50.0
2018-02-18,0.0,50.0
2018-02-19,119.0,50.0
2018-02-20,0.0,56.0
2018-02-21,71.0,65.0
2018-02-22,105.0,65.0
2018-02-23,0.0,65.0
2018-02-24,0.0,56.0
2018-02-25,242.0,50.0
2018-02-26,0.0,50.0
2018-02-27,260.0,50.0
2018-02-28,0.0,50.0
2018-03-01,1865.0,50.0
2018-03-02,886.0,50.0
2018-03-03,701.0,65.0
2018-03-04,257.0,70.0
2018-03-05,470.0,70.0
2018-03-06,230.0,70.0
2018-03-07,235.0,82.0
2018-03-08,253.0,100.0
2018-03-09,195.0,79.0
2018-03-10,192.0,70.0
2018-03-11,95.0,70.0
2018-03-12,0.0,70.0
2018-03-13,816.0,70.0
2018-03-14,477.0,70.0
2018-03-15,1005.0,70.0
2018-03-16,446.0,70.0
2018-03-17,699.0,103.0
2018-03-18,408.0,120.0
2018-03-19,398.0,119.0
2018-03-20,706.0,110.0
2018-03-21,1648.0,100.0
2018-03-22,9559.0,66.0
2018-03-23,1990.0,78.0
2018-03-24,1373.0,120.0
2018-03-25,1005.0,130.0
2018-03-26,575.0,145.0
2018-03-27,897.0,155.0
2018-03-28,650.0,170.0
2018-03-29,432.0,246.0
2018-03-30,372.0,265.0
2018-03-31,437.0,251.0
2018-04-01,308.0,212.0
2018-04-02,296.0,200.0
2018-04-03,184.0,186.0
2018-04-04,380.0,180.0
2018-04-05,356.0,180.0
2018-04-06,1077.0,154.0
2018-04-07,1747.0,187.0
2018-04-08,929.0,202.0
2018-04-09,455.0,205.0
2018-04-10,461.0,205.0
2018-04-11,534.0,198.0
2018-04-12,213.0,195.0
2018-04-13,292.0,202.0
2018-04-14,0.0,198.0
2018-04-15,643.0,185.0
2018-04-16,479.0,167.0
2018-04-17,194.0,182.0
2018-04-18,256.0,202.0
2018-04-19,271.0,205.0
2018-04-20,301.0,205.0
2018-04-21,131.0,219.0
2018-04-22,205.0,225.0
2018-04-23,193.0,225.0
2018-04-24,224.0,232.0
2018-04-25,242.0,250.0
2018-04-26,273.0,275.0
2018-04-27,18.0,295.0
2018-04-28,85.0,300.0
2018-04-29,60.0,300.0
2018-04-30,170.0,312.0
2018-05-01,347.0,315.0
2018-05-02,251.0,326.0
2018-05-03,156.0,341.0
2018-05-04,158.0,349.0
2018-05-05,186.0,377.0
2018-05-06,0.0,396.0
2018-05-07,324.0,430.0
2018-05-08,333.0,420.0
2018-05-09,1.0,436.0
2018-05-10,166.0,417.0
2018-05-11,0.0,405.0
2018-05-12,132.0,416.0
2018-05-13,98.0,389.0
2018-05-14,124.0,381.0
2018-05-15,19.0,374.0
2018-05-16,38.0,387.0
2018-05-17,20.0,407.0
2018-05-18,151.0,434.0
2018-05-19,90.0,431.0
2018-05-20,0.0,401.0
2018-05-21,105.0,454.0
2018-05-22,50.0,484.0
2018-05-23,119.0,448.0
2018-05-24,147.0,417.0
2018-05-25,53.0,427.0
2018-05-26,0.0,416.0
2018-05-27,191.0,401.0
2018-05-28,140.0,450.0
2018-05-29,146.0,461.0
2018-05-30,0.0,490.0
2018-05-31,70.0,477.0
2018-06-01,0.0,455.0
2018-06-02,137.0,474.0
2018-06-03,44.0,462.0
2018-06-04,0.0,496.0
2018-06-05,230.0,564.0
2018-06-06,0.0,567.0
2018-06-07,51.0,565.0
2018-06-08,0.0,586.0
2018-06-09,0.0,562.0
2018-06-10,48.0,513.0
2018-06-11,72.0,500.0
2018-06-12,66.0,500.0
2018-06-13,37.0,497.0
2018-06-14,175.0,550.0
2018-06-15,0.0,529.0
2018-06-16,0.0,537.0
2018-06-17,25.0,519.0
2018-06-18,156.0,510.0
2018-06-19,12.0,523.0
2018-06-20,0.0,546.0
2018-06-21,74.0,544.0
2018-06-22,37.0,536.0
2018-06-23,85.0,555.0
2018-06-24,0.0,526.0
2018-06-25,32.0,557.0
2018-06-26,0.0,564.0
2018-06-27,0.0,594.0
2018-06-28,139.0,620.0
2018-06-29,0.0,584.0
2018-06-30,0.0,580.0
2018-07-01,262.0,552.0
2018-07-02,0.0,568.0
2018-07-03,0.0,577.0
2018-07-04,61.0,588.0
2018-07-05,0.0,600.0
2018-07-06,215.0,555.0
2018-07-07,0.0,542.0
2018-07-08,337.0,531.0
2018-07-09,0.0,573.0
2018-07-10,0.0,597.0
2018-07-11,146.0,621.0
2018-07-12,71.0,619.0
2018-07-13,0.0,598.0
2018-07-14,72.0,597.0
2018-07-15,92.0,544.0
2018-07-16,4.0,557.0
2018-07-17,0.0,599.0
2018-07-18,143.0,612.0
2018-07-19,0.0,606.0
2018-07-20,0.0,579.0
2018-07-21,0.0,535.0
2018-07-22,133.0,472.0
2018-07-23,68.0,536.0
2018-07-24,0.0,525.0
2018-07-25,250.0,521.0
2018-07-26,0.0,530.0
2018-07-27,112.0,563.0
2018-07-28,34.0,579.0
2018-07-29,68.0,546.0
2018-07-30,6.0,572.0
2018-07-31,0.0,598.0
2018-08-01,7.0,592.0
2018-08-02,0.0,557.0
2018-08-03,0.0,548.0
2018-08-04,107.0,570.0
2018-08-05,0.0,502.0
2018-08-06,0.0,510.0
2018-08-07,0.0,541.0
2018-08-08,35.0,551.0
2018-08-09,151.0,577.0
2018-08-10,0.0,535.0
2018-08-11,26.0,503.0
2018-08-12,0.0,464.0
2018-08-13,192.0,491.0
2018-08-14,0.0,479.0
2018-08-15,0.0,482.0
2018-08-16,0.0,472.0
2018-08-17,49.0,453.0
2018-08-18,0.0,415.0
2018-08-19,0.0,362.0
2018-08-20,102.0,405.0
2018-08-21,0.0,434.0
2018-08-22,0.0,462.0
2018-08-23,0.0,464.0
2018-08-24,0.0,438.0
2018-08-25,0.0,441.0
2018-08-26,99.0,445.0
2018-08-27,43.0,445.0
2018-08-28,0.0,434.0
2018-08-29,0.0,430.0
2018-08-30,0.0,412.0
2018-08-31,0.0,348.0
2018-09-01,0.0,338.0
2018-09-02,86.0,320.0
2018-09-03,3.0,331.0
2018-09-04,0.0,370.0
2018-09-05,39.0,422.0
2018-09-06,55.0,428.0
2018-09-07,0.0,414.0
2018-09-08,76.0,365.0
2018-09-09,47.0,326.0
2018-09-10,26.0,353.0
2018-09-11,0.0,360.0
2018-09-12,0.0,354.0
2018-09-13,0.0,353.0
2018-09-14,65.0,325.0
2018-09-15,33.0,304.0
2018-09-16,0.0,308.0
2018-09-17,0.0,353.0
2018-09-18,12.0,365.0
2018-09-19,7.0,365.0
2018-09-20,0.0,347.0
2018-09-21,113.0,308.0
2018-09-22,0.0,302.0
2018-09-23,0.0,309.0
2018-09-24,68.0,326.0
2018-09-25,77.0,347.0
2018-09-26,0.0,378.0
2018-09-27,96.0,360.0
2018-09-28,0.0,317.0
2018-09-29,0.0,297.0
2018-09-30,272.0,245.0
2018-10-01,0.0,232.0
2018-10-02,102.0,238.0
2018-10-03,164.0,235.0
2018-10-04,99.0,217.0
2018-10-05,0.0,203.0
2018-10-06,0.0,200.0
2018-10-07,0.0,180.0
2018-10-08,61.0,195.0
2018-10-09,0.0,240.0
2018-10-10,2.0,273.0
2018-10-11,0.0,285.0
2018-10-12,0.0,271.0
2018-10-13,267.0,265.0
2018-10-14,0.0,258.0
2018-10-15,0.0,269.0
2018-10-16,0.0,275.0
2018-10-17,0.0,275.0
2018-10-18,162.0,292.0
2018-10-19,0.0,303.0
2018-10-20,0.0,299.0
2018-10-21,75.0,264.0
2018-10-22,0.0,254.0
2018-10-23,0.0,305.0
2018-10-24,0.0,292.0
2018-10-25,91.0,214.0
2018-10-26,139.0,89.0
2018-10-27,0.0,45.0
2018-10-28,0.0,45.0
2018-10-29,0.0,45.0
2018-10-30,0.0,104.0
2018-10-31,0.0,135.0
2018-11-01,120.0,141.0
2018-11-02,100.0,138.0
2018-11-03,0.0,129.0
2018-11-04,0.0,125.0
2018-11-05,203.0,132.0
2018-11-06,70.0,113.0
2018-11-07,0.0,105.0
2018-11-08,56.0,105.0
2018-11-09,0.0,118.0
2018-11-10,0.0,119.0
2018-11-11,0.0,93.0
2018-11-12,47.0,96.0
2018-11-13,47.0,112.0
2018-11-14,0.0,100.0
2018-11-15,49.0,102.0
2018-11-16,0.0,105.0
2018-11-17,0.0,98.0
2018-11-18,0.0,95.0
2018-11-19,0.0,95.0
2018-11-20,0.0,95.0
2018-11-21,457.0,95.0
2018-11-22,580.0,60.0
2018-11-23,55.0,55.0
2018-11-24,0.0,67.0
2018-11-25,173.0,70.0
2018-11-26,81.0,70.0
2018-11-27,81.0,70.0
2018-11-28,590.0,70.0
2018-11-29,1266.0,52.0
2018-11-30,241.0,63.0
2018-12-01,430.0,77.0
2018-12-02,0.0,80.0
2018-12-03,0.0,77.0
2018-12-04,0.0,75.0
2018-12-05,618.0,75.0
2018-12-06,0.0,75.0
2018-12-07,0.0,75.0
2018-12-08,0.0,78.0
2018-12-09,97.0,80.0
2018-12-10,0.0,80.0
2018-12-11,0.0,80.0
2018-12-12,444.0,80.0
2018-12-13,0.0,80.0
2018-12-14,96.0,73.0
2018-12-15,0.0,63.0
2018-12-16,853.0,67.0
2018-12-17,254.0,81.0
2018-12-18,611.0,90.0
2018-12-19,183.0,90.0
2018-12-20,262.0,83.0
2018-12-21,0.0,73.0
2018-12-22,331.0,70.0
2018-12-23,76.0,70.0
2018-12-24,504.0,70.0
2018-12-25,0.0,70.0
2018-12-26,174.0,70.0
2018-12-27,368.0,84.0
2018-12-28,0.0,90.0
2018-12-29,66.0,90.0
2018-12-30,26.0,90.0
2018-12-31,0.0,90.0
2019-01-01,86.0,90.0
2019-01-02,0.0,90.0
2019-01-03,28.0,90.0
2019-01-04,3.0,77.0
2019-01-05,277.0,84.0
2019-01-06,332.0,72.0
2019-01-07,6691.0,77.0
2019-01-08,695.0,84.0
2019-01-09,3157.0,98.0
2019-01-10,1692.0,110.0
2019-01-11,723.0,110.0
2019-01-12,549.0,110.0
2019-01-13,372.0,103.0
2019-01-14,263.0,82.0
2019-01-15,1300.0,65.0
2019-01-16,14173.0,51.0
2019-01-17,10821.0,45.0
2019-01-18,1833.0,45.0
2019-01-19,1496.0,58.0
2019-01-20,2238.0,69.0
2019-01-21,1095.0,70.0
2019-01-22,925.0,111.0
2019-01-23,1149.0,103.0
2019-01-24,624.0,79.0
2019-01-25,200.0,70.0
2019-01-26,651.0,80.0
2019-01-27,26.0,90.0
2019-01-28,555.0,80.0
2019-01-29,286.0,81.0
2019-01-30,402.0,100.0
2019-01-31,291.0,86.0
2019-02-01,796.0,54.0
2019-02-02,2561.0,45.0
2019-02-03,2384.0,45.0
2019-02-04,5313.0,45.0
2019-02-05,1145.0,45.0
2019-02-06,971.0,45.0
2019-02-07,881.0,45.0
2019-02-08,1147.0,45.0
2019-02-09,869.0,55.0
2019-02-10,1418.0,50.0
2019-02-11,889.0,51.0
2019-02-12,986.0,64.0
2019-02-13,19611.0,53.0
2019-02-14,25401.0,45.0
2019-02-15,7825.0,45.0
2019-02-16,3783.0,45.0
2019-02-17,2775.0,45.0
2019-02-18,1681.0,45.0
2019-02-19,1066.0,45.0
2019-02-20,5649.0,45.0
2019-02-21,928.0,45.0
2019-02-22,694.0,45.0
2019-02-23,676.0,63.0
2019-02-24,929.0,56.0
2019-02-25,3688.0,185.0
2019-02-26,33953.0,1846.0
2019-02-27,29737.0,8293.0
2019-02-28,5590.0,7714.0
2019-03-01,4209.0,7258.0
2019-03-02,5273.0,6698.0
2019-03-03,3531.0,6232.0
2019-03-04,2566.0,5527.0
2019-03-05,2560.0,4931.0
2019-03-06,7449.0,5031.0
2019-03-07,3757.0,4991.0
2019-03-08,2802.0,4774.0
2019-03-09,2896.0,4358.0
2019-03-10,2891.0,4142.0
2019-03-11,2276.0,3898.0
2019-03-12,2227.0,3507.0
2019-03-13,1261.0,2974.0
2019-03-14,1470.0,2529.0
2019-03-15,1267.0,2127.0
2019-03-16,1026.0,1925.0
2019-03-17,1113.0,1807.0
2019-03-18,890.0,1693.0
2019-03-19,1093.0,1595.0
2019-03-20,1141.0,1548.0
2019-03-21,1041.0,1467.0
2019-03-22,1210.0,1445.0
2019-03-23,2500.0,1536.0
2019-03-24,1453.0,1536.0
2019-03-25,1273.0,1501.0
2019-03-26,1604.0,1501.0
2019-03-27,2847.0,1583.0
2019-03-28,3475.0,1794.0
2019-03-29,2547.0,1952.0
2019-03-30,1780.0,1952.0
2019-03-31,1299.0,1898.0
2019-04-01,1313.0,1807.0
2019-04-02,1118.0,1693.0
2019-04-03,1208.0,1656.0
2019-04-04,830.0,1571.0
2019-04-05,1270.0,1513.0
2019-04-06,1382.0,1478.0
2019-04-07,865.0,1433.0
2019-04-08,1386.0,1400.0
2019-04-09,440.0,1346.0
2019-04-10,1223.0,1283.0
2019-04-11,669.0,1233.0
2019-04-12,530.0,1118.0
2019-04-13,847.0,1117.0
2019-04-14,793.0,1081.0
2019-04-15,184.0,1020.0
2019-04-16,935.0,987.0
2019-04-17,532.0,947.0
2019-04-18,532.0,916.0
2019-04-19,480.0,851.0
2019-04-20,665.0,769.0
2019-04-21,361.0,725.0
2019-04-22,480.0,673.0
2019-04-23,362.0,626.0
2019-04-24,508.0,587.0
2019-04-25,374.0,554.0
2019-04-26,538.0,515.0
2019-04-27,297.0,483.0
2019-04-28,289.0,468.0
2019-04-29,506.0,425.0
2019-04-30,0.0,364.0
2019-05-01,261.0,345.0
2019-05-02,268.0,351.0
2019-05-03,198.0,370.0
2019-05-04,312.0,382.0
2019-05-05,92.0,353.0
2019-05-06,10.0,379.0
2019-05-07,341.0,418.0
2019-05-08,334.0,425.0
2019-05-09,237.0,429.0
2019-05-10,153.0,420.0
2019-05-11,92.0,420.0
2019-05-12,255.0,420.0
2019-05-13,91.0,439.0
2019-05-14,476.0,431.0
2019-05-15,523.0,361.0
2019-05-16,929.0,257.0
2019-05-17,274.0,172.0
2019-05-18,1348.0,147.0
2019-05-19,680.0,109.0
2019-05-20,10.0,105.0
2019-05-21,585.0,117.0
2019-05-22,168.0,121.0
2019-05-23,255.0,128.0
2019-05-24,385.0,130.0
2019-05-25,250.0,130.0
2019-05-26,78.0,128.0
2019-05-27,489.0,144.0
2019-05-28,108.0,205.0
2019-05-29,253.0,228.0
2019-05-30,387.0,227.0
2019-05-31,155.0,225.0
2019-06-01,191.0,246.0
2019-06-02,106.0,261.0
2019-06-03,157.0,318.0
2019-06-04,267.0,358.0
2019-06-05,101.0,365.0
2019-06-06,31.0,358.0
2019-06-07,0.0,358.0
2019-06-08,0.0,398.0
2019-06-09,336.0,405.0
2019-06-10,254.0,455.0
2019-06-11,118.0,469.0
2019-06-12,163.0,484.0
2019-06-13,76.0,485.0
2019-06-14,41.0,462.0
2019-06-15,0.0,483.0
2019-06-16,45.0,491.0
2019-06-17,74.0,520.0
2019-06-18,110.0,543.0
2019-06-19,0.0,558.0
2019-06-20,0.0,557.0
2019-06-21,13.0,527.0
2019-06-22,0.0,534.0
2019-06-23,185.0,486.0
2019-06-24,29.0,530.0
2019-06-25,139.0,559.0
2019-06-26,0.0,571.0
2019-06-27,0.0,551.0
2019-06-28,0.0,510.0
2019-06-29,0.0,478.0
2019-06-30,146.0,470.0
2019-07-01,64.0,484.0
2019-07-02,0.0,486.0
2019-07-03,0.0,498.0
2019-07-04,65.0,490.0
2019-07-05,0.0,472.0
2019-07-06,136.0,455.0
2019-07-07,0.0,468.0
2019-07-08,0.0,489.0
2019-07-09,0.0,491.0
2019-07-10,0.0,485.0
2019-07-11,49.0,478.0
2019-07-12,56.0,475.0
2019-07-13,57.0,475.0
2019-07-14,0.0,481.0
2019-07-15,0.0,490.0
2019-07-16,0.0,503.0
2019-07-17,0.0,492.0
2019-07-18,0.0,492.0
2019-07-19,0.0,502.0
2019-07-20,0.0,478.0
2019-07-21,0.0,439.0
2019-07-22,22.0,462.0
2019-07-23,0.0,484.0
2019-07-24,0.0,522.0
2019-07-25,0.0,548.0
2019-07-26,54.0,545.0
2019-07-27,0.0,522.0
2019-07-28,96.0,511.0
2019-07-29,0.0,512.0
2019-07-30,0.0,516.0
2019-07-31,0.0,489.0
2019-08-01,0.0,470.0
2019-08-02,61.0,476.0
2019-08-03,0.0,461.0
2019-08-04,36.0,433.0
2019-08-05,0.0,415.0
2019-08-06,106.0,433.0
2019-08-07,0.0,436.0
2019-08-08,0.0,430.0
2019-08-09,0.0,430.0
2019-08-10,4.0,440.0
2019-08-11,93.0,414.0
2019-08-12,0.0,430.0
2019-08-13,28.0,436.0
2019-08-14,13.0,426.0
2019-08-15,26.0,427.0
2019-08-16,20.0,405.0
2019-08-17,1.0,386.0
2019-08-18,0.0,370.0
2019-08-19,89.0,432.0
2019-08-20,0.0,449.0
2019-08-21,344.0,416.0
2019-08-22,0.0,394.0
2019-08-23,0.0,361.0
2019-08-24,0.0,345.0
2019-08-25,31.0,340.0
2019-08-26,0.0,365.0
2019-08-27,0.0,390.0
2019-08-28,0.0,384.0
2019-08-29,0.0,375.0
2019-08-30,0.0,343.0
2019-08-31,0.0,344.0
2019-09-01,12.0,336.0
2019-09-02,0.0,325.0
2019-09-03,0.0,325.0
2019-09-04,22.0,350.0
2019-09-05,0.0,395.0
2019-09-06,81.0,393.0
2019-09-07,0.0,381.0
2019-09-08,0.0,341.0
2019-09-09,0.0,353.0
2019-09-10,15.0,349.0
2019-09-11,0.0,348.0
2019-09-12,78.0,354.0
2019-09-13,0.0,327.0
2019-09-14,0.0,304.0
2019-09-15,0.0,260.0
2019-09-16,0.0,261.0
2019-09-17,0.0,276.0
2019-09-18,0.0,275.0
2019-09-19,0.0,280.0
2019-09-20,0.0,249.0
2019-09-21,0.0,296.0
2019-09-22,0.0,273.0
2019-09-23,77.0,272.0
2019-09-24,0.0,275.0
2019-09-25,0.0,279.0
2019-09-26,151.0,285.0
2019-09-27,24.0,271.0
2019-09-28,0.0,239.0
2019-09-29,0.0,196.0
2019-09-30,0.0,211.0
2019-10-01,0.0,216.0
2019-10-02,43.0,258.0
2019-10-03,10.0,305.0
2019-10-04,0.0,330.0
2019-10-05,116.0,320.0
2019-10-06,0.0,282.0
2019-10-07,9.0,298.0
2019-10-08,21.0,315.0
2019-10-09,0.0,304.0
2019-10-10,0.0,277.0
2019-10-11,136.0,270.0
2019-10-12,0.0,264.0
2019-10-13,22.0,237.0
2019-10-14,18.0,233.0
2019-10-15,0.0,252.0
2019-10-16,32.0,259.0
2019-10-17,0.0,255.0
2019-10-18,0.0,250.0
2019-10-19,83.0,223.0
2019-10-20,0.0,210.0
2019-10-21,0.0,227.0
2019-10-22,0.0,257.0
2019-10-23,0.0,258.0
2019-10-24,0.0,258.0
2019-10-25,207.0,255.0
2019-10-26,0.0,225.0
2019-10-27,0.0,157.0
2019-10-28,67.0,188.0
2019-10-29,0.0,255.0
2019-10-30,0.0,230.0
2019-10-31,31.0,99.0
2019-11-01,0.0,45.0
2019-11-02,11.0,45.0
2019-11-03,0.0,45.0
2019-11-04,0.0,45.0
2019-11-05,80.0,51.0
2019-11-06,20.0,60.0
2019-11-07,0.0,50.0
2019-11-08,0.0,45.0
2019-11-09,0.0,61.0
2019-11-10,116.0,70.0
2019-11-11,0.0,70.0
2019-11-12,116.0,70.0
2019-11-13,0.0,70.0
2019-11-14,93.0,64.0
2019-11-15,0.0,70.0
2019-11-16,0.0,70.0
2019-11-17,0.0,70.0
2019-11-18,0.0,86.0
2019-11-19,36.0,116.0
2019-11-20,0.0,130.0
2019-11-21,0.0,130.0
2019-11-22,0.0,130.0
2019-11-23,159.0,130.0
2019-11-24,0.0,130.0
2019-11-25,40.0,97.0
2019-11-26,0.0,91.0
2019-11-27,463.0,95.0
2019-11-28,2.0,87.0
2019-11-29,102.0,85.0
2019-11-30,0.0,112.0
2019-12-01,1185.0,92.0
2019-12-02,1973.0,70.0
2019-12-03,258.0,77.0
2019-12-04,448.0,80.0
2019-12-05,267.0,80.0
2019-12-06,525.0,66.0
2019-12-07,4433.0,74.0
2019-12-08,2012.0,60.0
2019-12-09,702.0,65.0
2019-12-10,632.0,80.0
2019-12-11,645.0,80.0
2019-12-12,547.0,80.0
2019-12-13,450.0,80.0
2019-12-14,359.0,80.0
2019-12-15,189.0,80.0
2019-12-16,189.0,80.0
2019-12-17,104.0,80.0
2019-12-18,547.0,80.0
2019-12-19,633.0,80.0
2019-12-20,374.0,94.0
2019-12-21,483.0,100.0
2019-12-22,927.0,100.0
2019-12-23,191.0,100.0
2019-12-24,106.0,100.0
2019-12-25,653.0,100.0
2019-12-26,9.0,100.0
2019-12-27,331.0,100.0
2019-12-28,39.0,100.0
2019-12-29,1213.0,100.0
2019-12-30,836.0,100.0
2019-12-31,380.0,100.0
2020-01-01,231.0,100.0
2020-01-02,303.0,100.0
2020-01-03,313.0,110.0
2020-01-04,128.0,115.0
2020-01-05,305.0,115.0
2020-01-06,233.0,115.0
2020-01-07,325.0,115.0
2020-01-08,0.0,115.0
2020-01-09,429.0,115.0
2020-01-10,115.0,115.0
2020-01-11,128.0,115.0
2020-01-12,0.0,102.0
2020-01-13,286.0,90.0
2020-01-14,194.0,90.0
2020-01-15,0.0,101.0
2020-01-16,924.0,95.0
2020-01-17,737.0,90.0
2020-01-18,273.0,90.0
2020-01-19,12.0,90.0
2020-01-20,554.0,90.0
2020-01-21,377.0,90.0
2020-01-22,547.0,90.0
2020-01-23,554.0,90.0
2020-01-24,280.0,90.0
2020-01-25,555.0,90.0
2020-01-26,188.0,90.0
2020-01-27,286.0,90.0
2020-01-28,410.0,101.0
2020-01-29,284.0,94.0
2020-01-30,293.0,90.0
2020-01-31,194.0,76.0
2020-02-01,368.0,70.0
2020-02-02,0.0,70.0
2020-02-03,43.0,70.0
2020-02-04,0.0,57.0
2020-02-05,288.0,47.0
2020-02-06,108.0,79.0
2020-02-07,215.0,95.0
2020-02-08,124.0,95.0
2020-02-09,50.0,95.0
2020-02-10,103.0,85.0
2020-02-11,88.0,80.0
2020-02-12,464.0,80.0
2020-02-13,0.0,80.0
2020-02-14,132.0,91.0
2020-02-15,0.0,95.0
2020-02-16,307.0,95.0
2020-02-17,0.0,95.0
2020-02-18,170.0,95.0
2020-02-19,147.0,95.0
2020-02-20,50.0,95.0
2020-02-21,221.0,95.0
2020-02-22,118.0,95.0
2020-02-23,147.0,95.0
2020-02-24,27.0,95.0
2020-02-25,55.0,95.0
2020-02-26,79.0,95.0
2020-02-27,130.0,95.0
2020-02-28,154.0,102.0
2020-02-29,36.0,105.0
2020-03-01,0.0,123.0
2020-03-02,300.0,133.0
2020-03-03,0.0,161.0
2020-03-04,174.0,177.0
2020-03-05,132.0,180.0
2020-03-06,76.0,196.0
2020-03-07,133.0,205.0
2020-03-08,172.0,214.0
2020-03-09,0.0,220.0
2020-03-10,0.0,229.0
2020-03-11,234.0,256.0
2020-03-12,135.0,268.0
2020-03-13,177.0,272.0
2020-03-14,0.0,282.0
2020-03-15,366.0,237.0
2020-03-16,32.0,215.0
2020-03-17,45.0,215.0
2020-03-18,149.0,215.0
2020-03-19,155.0,215.0
2020-03-20,0.0,215.0
2020-03-21,0.0,215.0
2020-03-22,193.0,215.0
2020-03-23,95.0,215.0
2020-03-24,101.0,215.0
2020-03-25,204.0,204.0
2020-03-26,0.0,235.0
2020-03-27,65.0,276.0
2020-03-28,148.0,341.0
2020-03-29,0.0,350.0
2020-03-30,165.0,342.0
2020-03-31,196.0,335.0
2020-04-01,0.0,329.0
2020-04-02,17.0,299.0
2020-04-03,113.0,304.0
2020-04-04,284.0,286.0
2020-04-05,220.0,220.0
2020-04-06,366.0,183.0
2020-04-07,119.0,198.0
2020-04-08,447.0,222.0
2020-04-09,0.0,234.0
2020-04-10,14.0,240.0
2020-04-11,335.0,240.0
2020-04-12,48.0,233.0
2020-04-13,0.0,258.0
2020-04-14,157.0,294.0
2020-04-15,167.0,327.0
2020-04-16,69.0,345.0
2020-04-17,341.0,325.0
2020-04-18,0.0,335.0
2020-04-19,0.0,338.0
2020-04-20,50.0,343.0
2020-04-21,372.0,386.0
2020-04-22,0.0,440.0
2020-04-23,300.0,472.0
2020-04-24,149.0,497.0
2020-04-25,417.0,492.0
2020-04-26,0.0,472.0
2020-04-27,258.0,490.0
2020-04-28,153.0,513.0
2020-04-29,88.0,527.0
2020-04-30,0.0,490.0
2020-05-01,32.0,444.0
2020-05-02,82.0,408.0
2020-05-03,0.0,402.0
2020-05-04,232.0,455.0
2020-05-05,146.0,492.0
2020-05-06,0.0,518.0
2020-05-07,178.0,492.0
2020-05-08,37.0,454.0
2020-05-09,87.0,413.0
2020-05-10,0.0,400.0
2020-05-11,296.0,428.0
2020-05-12,0.0,440.0
2020-05-13,242.0,457.0
2020-05-14,12.0,452.0
2020-05-15,0.0,402.0
2020-05-16,0.0,385.0
2020-05-17,483.0,362.0
2020-05-18,103.0,361.0
2020-05-19,0.0,419.0
2020-05-20,87.0,451.0
2020-05-21,101.0,445.0
2020-05-22,0.0,467.0
2020-05-23,42.0,458.0
2020-05-24,189.0,410.0
2020-05-25,129.0,448.0
2020-05-26,98.0,488.0
2020-05-27,138.0,528.0
2020-05-28,88.0,556.0
2020-05-29,239.0,519.0
2020-05-30,0.0,488.0
2020-05-31,321.0,463.0
2020-06-01,0.0,507.0
2020-06-02,41.0,567.0
2020-06-03,13.0,611.0
2020-06-04,130.0,609.0
2020-06-05,0.0,605.0
2020-06-06,0.0,577.0
2020-06-07,0.0,544.0
2020-06-08,0.0,563.0
2020-06-09,164.0,575.0
2020-06-10,82.0,583.0
2020-06-11,0.0,581.0
2020-06-12,190.0,589.0
2020-06-13,0.0,565.0
2020-06-14,183.0,550.0
2020-06-15,0.0,603.0
2020-06-16,0.0,635.0
2020-06-17,0.0,614.0
2020-06-18,241.0,610.0
2020-06-19,11.0,582.0
2020-06-20,36.0,590.0
2020-06-21,0.0,582.0
2020-06-22,89.0,588.0
2020-06-23,0.0,613.0
2020-06-24,61.0,620.0
2020-06-25,0.0,611.0
2020-06-26,311.0,589.0
2020-06-27,0.0,617.0
2020-06-28,0.0,604.0
2020-06-29,0.0,601.0
2020-06-30,175.0,620.0
2020-07-01,0.0,660.0
2020-07-02,0.0,641.0
2020-07-03,28.0,598.0
2020-07-04,0.0,570.0
2020-07-05,111.0,586.0
2020-07-06,0.0,604.0
2020-07-07,104.0,640.0
2020-07-08,0.0,628.0
2020-07-09,0.0,612.0
2020-07-10,37.0,583.0
2020-07-11,0.0,581.0
2020-07-12,0.0,568.0
2020-07-13,156.0,607.0
2020-07-14,0.0,643.0
2020-07-15,0.0,627.0
2020-07-16,0.0,628.0
2020-07-17,0.0,566.0
2020-07-18,0.0,535.0
2020-07-19,0.0,524.0
2020-07-20,0.0,561.0
2020-07-21,0.0,592.0
2020-07-22,0.0,595.0
2020-07-23,0.0,611.0
2020-07-24,72.0,564.0
2020-07-25,0.0,526.0
2020-07-26,0.0,538.0
2020-07-27,120.0,583.0
2020-07-28,0.0,608.0
2020-07-29,0.0,617.0
2020-07-30,0.0,584.0
2020-07-31,78.0,540.0
2020-08-01,0.0,520.0
2020-08-02,38.0,513.0
2020-08-03,0.0,541.0
2020-08-04,0.0,544.0
2020-08-05,0.0,519.0
2020-08-06,208.0,528.0
2020-08-07,0.0,466.0
2020-08-08,0.0,402.0
2020-08-09,29.0,409.0
2020-08-10,0.0,483.0
2020-08-11,0.0,493.0
2020-08-12,0.0,508.0
2020-08-13,0.0,515.0
2020-08-14,59.0,494.0
2020-08-15,24.0,475.0
2020-08-16,0.0,463.0
2020-08-17,296.0,456.0
2020-08-18,0.0,449.0
2020-08-19,0.0,488.0
2020-08-20,113.0,481.0
2020-08-21,0.0,461.0
2020-08-22,0.0,457.0
2020-08-23,58.0,430.0
2020-08-24,60.0,448.0
2020-08-25,0.0,462.0
2020-08-26,0.0,445.0
2020-08-27,10.0,453.0
2020-08-28,0.0,448.0
2020-08-29,0.0,415.0
2020-08-30,15.0,387.0
2020-08-31,0.0,399.0
2020-09-01,0.0,401.0
2020-09-02,0.0,406.0
2020-09-03,0.0,414.0
2020-09-04,0.0,387.0
2020-09-05,107.0,390.0
2020-09-06,0.0,400.0
2020-09-07,0.0,414.0
2020-09-08,0.0,420.0
2020-09-09,0.0,420.0
2020-09-10,0.0,395.0
2020-09-11,29.0,352.0
2020-09-12,0.0,319.0
2020-09-13,40.0,289.0
2020-09-14,70.0,313.0
2020-09-15,0.0,359.0
2020-09-16,51.0,353.0
2020-09-17,1.0,340.0
2020-09-18,123.0,340.0
2020-09-19,0.0,305.0
2020-09-20,36.0,290.0
2020-09-21,50.0,319.0
2020-09-22,0.0,366.0
2020-09-23,162.0,368.0
2020-09-24,0.0,355.0
2020-09-25,194.0,330.0
2020-09-26,104.0,330.0
2020-09-27,0.0,307.0
2020-09-28,465.0,341.0
2020-09-29,0.0,364.0
2020-09-30,199.0,355.0
2020-10-01,0.0,344.0
2020-10-02,65.0,309.0
2020-10-03,40.0,299.0
2020-10-04,65.0,270.0
2020-10-05,0.0,285.0
2020-10-06,137.0,290.0
2020-10-07,0.0,296.0
2020-10-08,0.0,316.0
2020-10-09,0.0,292.0
2020-10-10,247.0,267.0
2020-10-11,0.0,249.0
2020-10-12,0.0,319.0
2020-10-13,97.0,339.0
2020-10-14,50.0,330.0
2020-10-15,0.0,330.0
2020-10-16,144.0,305.0
2020-10-17,185.0,288.0
2020-10-18,0.0,294.0
2020-10-19,62.0,332.0
2020-10-20,201.0,359.0
2020-10-21,109.0,351.0
2020-10-22,0.0,345.0
2020-10-23,25.0,345.0
2020-10-24,27.0,358.0
2020-10-25,0.0,321.0
2020-10-26,0.0,332.0
2020-10-27,0.0,325.0
2020-10-28,295.0,187.0
2020-10-29,0.0,59.0
2020-10-30,0.0,45.0
2020-10-31,25.0,45.0
2020-11-01,199.0,45.0
2020-11-02,0.0,45.0
2020-11-03,0.0,45.0
2020-11-04,0.0,73.0
2020-11-05,232.0,83.0
2020-11-06,0.0,75.0
2020-11-07,0.0,75.0
2020-11-08,0.0,75.0
2020-11-09,0.0,75.0
2020-11-10,0.0,108.0
2020-11-11,4.0,125.0
2020-11-12,0.0,125.0
2020-11-13,0.0,125.0
2020-11-14,0.0,125.0
2020-11-15,0.0,125.0
2020-11-16,0.0,94.0
2020-11-17,30.0,82.0
2020-11-18,0.0,85.0
2020-11-19,33.0,85.0
2020-11-20,0.0,85.0
2020-11-21,28.0,85.0
2020-11-22,0.0,85.0
2020-11-23,28.0,85.0
2020-11-24,112.0,85.0
2020-11-25,33.0,85.0
2020-11-26,0.0,85.0
2020-11-27,0.0,85.0
2020-11-28,28.0,85.0
2020-11-29,0.0,85.0
2020-11-30,22.0,74.0
2020-12-01,17.0,73.0
2020-12-02,19.0,70.0
2020-12-03,19.0,70.0
2020-12-04,28.0,84.0
2020-12-05,12.0,90.0
2020-12-06,0.0,90.0
2020-12-07,0.0,86.0
2020-12-08,0.0,80.0
2020-12-09,40.0,80.0
2020-12-10,119.0,80.0
2020-12-11,0.0,80.0
2020-12-12,0.0,80.0
2020-12-13,332.0,80.0
2020-12-14,91.0,80.0
2020-12-15,87.0,87.0
2020-12-16,174.0,90.0
2020-12-17,96.0,90.0
2020-12-18,26.0,93.0
2020-12-19,39.0,95.0
2020-12-20,0.0,103.0
2020-12-21,279.0,100.0
2020-12-22,0.0,100.0
2020-12-23,0.0,100.0
2020-12-24,0.0,100.0
2020-12-25,453.0,100.0
2020-12-26,106.0,100.0
2020-12-27,0.0,84.0
2020-12-28,2.0,75.0
2020-12-29,13.0,75.0
2020-12-30,203.0,75.0
2020-12-31,0.0,75.0
2021-01-01,171.0,75.0
2021-01-02,3.0,75.0
2021-01-03,0.0,78.0
2021-01-04,584.0,80.0
2021-01-05,0.0,80.0
2021-01-06,332.0,80.0
2021-01-07,0.0,80.0
2021-01-08,254.0,80.0
2021-01-09,0.0,80.0
2021-01-10,26.0,104.0
2021-01-11,93.0,81.0
2021-01-12,0.0,70.0
2021-01-13,334.0,70.0
2021-01-14,82.0,70.0
2021-01-15,11.0,70.0
2021-01-16,115.0,90.0
2021-01-17,0.0,87.0
2021-01-18,0.0,67.0
2021-01-19,317.0,60.0
2021-01-20,119.0,67.0
2021-01-21,0.0,70.0
2021-01-22,365.0,70.0
2021-01-23,108.0,90.0
2021-01-24,0.0,88.0
2021-01-25,0.0,80.0
2021-01-26,0.0,63.0
2021-01-27,1234.0,59.0
2021-01-28,1260.0,85.0
2021-01-29,104.0,85.0
2021-01-30,260.0,80.0
2021-01-31,2.0,80.0
2021-02-01,280.0,80.0
2021-02-02,448.0,80.0
2021-02-03,253.0,80.0
2021-02-04,96.0,80.0
2021-02-05,139.0,80.0
2021-02-06,33.0,80.0
2021-02-07,33.0,80.0
2021-02-08,201.0,80.0
2021-02-09,0.0,80.0
2021-02-10,117.0,80.0
2021-02-11,291.0,80.0
2021-02-12,80.0,80.0
2021-02-13,0.0,80.0
2021-02-14,128.0,80.0
2021-02-15,175.0,80.0
2021-02-16,17.0,80.0
2021-02-17,28.0,80.0
2021-02-18,0.0,80.0
2021-02-19,117.0,85.0
2021-02-20,0.0,90.0
2021-02-21,227.0,90.0
2021-02-22,0.0,90.0
2021-02-23,320.0,83.0
2021-02-24,66.0,80.0
2021-02-25,0.0,80.0
2021-02-26,149.0,80.0
2021-02-27,0.0,93.0
2021-02-28,90.0,100.0
2021-03-01,0.0,118.0
2021-03-02,94.0,143.0
2021-03-03,135.0,150.0
2021-03-04,0.0,150.0
2021-03-05,514.0,150.0
2021-03-06,0.0,150.0
2021-03-07,0.0,154.0
2021-03-08,0.0,160.0
2021-03-09,554.0,167.0
2021-03-10,249.0,159.0
2021-03-11,69.0,153.0
2021-03-12,36.0,192.0
2021-03-13,52.0,205.0
2021-03-14,33.0,199.0
2021-03-15,0.0,201.0
2021-03-16,323.0,233.0
2021-03-17,223.0,255.0
2021-03-18,279.0,245.0
2021-03-19,235.0,235.0
2021-03-20,0.0,221.0
2021-03-21,110.0,215.0
2021-03-22,123.0,215.0
2021-03-23,0.0,215.0
2021-03-24,440.0,230.0
2021-03-25,15.0,241.0
2021-03-26,32.0,281.0
2021-03-27,158.0,294.0
2021-03-28,0.0,308.0
2021-03-29,141.0,444.0
2021-03-30,0.0,497.0
2021-03-31,371.0,456.0
2021-04-01,186.0,433.0
2021-04-02,44.0,441.0
2021-04-03,215.0,440.0
2021-04-04,0.0,433.0
2021-04-05,0.0,456.0
2021-04-06,0.0,460.0
2021-04-07,0.0,471.0
2021-04-08,4.0,489.0
2021-04-09,50.0,490.0
2021-04-10,16.0,495.0
2021-04-11,146.0,459.0
2021-04-12,120.0,510.0
2021-04-13,0.0,532.0
2021-04-14,0.0,525.0
2021-04-15,67.0,534.0
2021-04-16,64.0,486.0
2021-04-17,0.0,493.0
2021-04-18,161.0,506.0
2021-04-19,86.0,531.0
2021-04-20,477.0,524.0
2021-04-21,0.0,484.0
2021-04-22,158.0,458.0
2021-04-23,3.0,408.0
2021-04-24,164.0,376.0
2021-04-25,0.0,333.0
2021-04-26,0.0,381.0
2021-04-27,0.0,407.0
2021-04-28,71.0,443.0
2021-04-29,79.0,440.0
2021-04-30,0.0,397.0
2021-05-01,165.0,379.0
2021-05-02,0.0,328.0
2021-05-03,170.0,403.0
2021-05-04,147.0,463.0
2021-05-05,0.0,475.0
2021-05-06,127.0,518.0
2021-05-07,0.0,486.0
2021-05-08,0.0,439.0
2021-05-09,51.0,414.0
2021-05-10,100.0,473.0
2021-05-11,117.0,490.0
2021-05-12,46.0,507.0
2021-05-13,57.0,529.0
2021-05-14,0.0,520.0
2021-05-15,64.0,471.0
2021-05-16,0.0,427.0
2021-05-17,113.0,537.0
2021-05-18,0.0,547.0
2021-05-19,67.0,549.0
2021-05-20,0.0,569.0
2021-05-21,0.0,568.0
2021-05-22,253.0,501.0
2021-05-23,0.0,455.0
2021-05-24,204.0,539.0
2021-05-25,0.0,544.0
2021-05-26,134.0,544.0
2021-05-27,71.0,598.0
2021-05-28,177.0,553.0
2021-05-29,10.0,543.0
2021-05-30,0.0,490.0
2021-05-31,290.0,544.0
2021-06-01,174.0,618.0
2021-06-02,47.0,616.0
2021-06-03,83.0,582.0
2021-06-04,0.0,516.0
2021-06-05,108.0,459.0
2021-06-06,0.0,439.0
2021-06-07,0.0,495.0
2021-06-08,110.0,515.0
2021-06-09,0.0,534.0
2021-06-10,0.0,545.0
2021-06-11,253.0,499.0
2021-06-12,0.0,492.0
2021-06-13,158.0,448.0
2021-06-14,0.0,547.0
2021-06-15,34.0,570.0
2021-06-16,62.0,599.0
2021-06-17,105.0,615.0
2021-06-18,102.0,580.0
2021-06-19,172.0,538.0
2021-06-20,156.0,494.0
2021-06-21,74.0,549.0
2021-06-22,0.0,601.0
2021-06-23,0.0,631.0
2021-06-24,32.0,683.0
2021-06-25,0.0,620.0
2021-06-26,0.0,610.0
2021-06-27,123.0,581.0
2021-06-28,0.0,616.0
2021-06-29,66.0,636.0
2021-06-30,134.0,630.0
2021-07-01,0.0,619.0
2021-07-02,0.0,567.0
2021-07-03,0.0,542.0
2021-07-04,0.0,510.0
2021-07-05,0.0,589.0
2021-07-06,0.0,654.0
2021-07-07,0.0,712.0
2021-07-08,72.0,740.0
2021-07-09,168.0,661.0
2021-07-10,97.0,611.0
2021-07-11,43.0,552.0
2021-07-12,62.0,615.0
2021-07-13,43.0,634.0
2021-07-14,0.0,633.0
2021-07-15,0.0,620.0
2021-07-16,0.0,558.0
2021-07-17,114.0,521.0
2021-07-18,0.0,478.0
2021-07-19,123.0,544.0
2021-07-20,0.0,586.0
2021-07-21,189.0,605.0
2021-07-22,91.0,599.0
2021-07-23,13.0,531.0
2021-07-24,0.0,515.0
2021-07-25,187.0,523.0
2021-07-26,0.0,565.0
2021-07-27,0.0,607.0
2021-07-28,184.0,633.0
2021-07-29,30.0,620.0
2021-07-30,180.0,584.0
2021-07-31,0.0,556.0
2021-08-01,77.0,503.0
2021-08-02,0.0,538.0
2021-08-03,0.0,592.0
2021-08-04,198.0,609.0
2021-08-05,0.0,602.0
2021-08-06,59.0,507.0
2021-08-07,0.0,456.0
2021-08-08,180.0,423.0
2021-08-09,0.0,469.0
2021-08-10,37.0,484.0
2021-08-11,0.0,512.0
2021-08-12,10.0,530.0
2021-08-13,39.0,476.0
2021-08-14,147.0,424.0
2021-08-15,70.0,415.0
2021-08-16,0.0,443.0
2021-08-17,95.0,453.0
2021-08-18,0.0,468.0
2021-08-19,153.0,469.0
2021-08-20,59.0,410.0
2021-08-21,0.0,406.0
2021-08-22,14.0,403.0
2021-08-23,0.0,424.0
2021-08-24,0.0,426.0
2021-08-25,0.0,427.0
2021-08-26,61.0,430.0
2021-08-27,0.0,430.0
2021-08-28,0.0,423.0
2021-08-29,134.0,406.0
2021-08-30,0.0,424.0
2021-08-31,0.0,433.0
2021-09-01,0.0,440.0
2021-09-02,0.0,413.0
2021-09-03,8.0,312.0
2021-09-04,0.0,345.0
2021-09-05,175.0,374.0
2021-09-06,0.0,419.0
2021-09-07,0.0,417.0
2021-09-08,127.0,436.0
2021-09-09,0.0,439.0
2021-09-10,206.0,371.0
2021-09-11,0.0,350.0
2021-09-12,3.0,354.0
2021-09-13,0.0,381.0
2021-09-14,0.0,379.0
2021-09-15,0.0,360.0
2021-09-16,0.0,349.0
2021-09-17,17.0,318.0
2021-09-18,0.0,315.0
2021-09-19,0.0,325.0
2021-09-20,0.0,325.0
2021-09-21,160.0,325.0
2021-09-22,59.0,350.0
2021-09-23,0.0,353.0
2021-09-24,61.0,334.0
2021-09-25,0.0,334.0
2021-09-26,173.0,303.0
2021-09-27,0.0,290.0
2021-09-28,0.0,323.0
2021-09-29,0.0,312.0
2021-09-30,0.0,290.0
